{
  "version": 3,
  "targets": {
    ".NETFramework,Version=v4.6.1": {
      "AvalonEdit/5.0.3": {
        "type": "package",
        "compile": {
          "lib/Net40/_._": {}
        },
        "runtime": {
          "lib/Net40/ICSharpCode.AvalonEdit.dll": {}
        }
      },
      "BouncyCastle/1.8.1": {
        "type": "package",
        "compile": {
          "lib/_._": {}
        },
        "runtime": {
          "lib/BouncyCastle.Crypto.dll": {}
        }
      },
      "Caliburn.Micro/3.0.1": {
        "type": "package",
        "dependencies": {
          "Caliburn.Micro.Core": "[3.0.1]"
        },
        "compile": {
          "lib/net45/_._": {}
        },
        "runtime": {
          "lib/net45/Caliburn.Micro.Platform.Core.dll": {},
          "lib/net45/Caliburn.Micro.Platform.dll": {},
          "lib/net45/System.Windows.Interactivity.dll": {}
        }
      },
      "Caliburn.Micro.Core/3.0.1": {
        "type": "package",
        "compile": {
          "lib/net45/_._": {}
        },
        "runtime": {
          "lib/net45/Caliburn.Micro.dll": {}
        }
      },
      "ClosedXML/0.87.1": {
        "type": "package",
        "dependencies": {
          "DocumentFormat.OpenXml": "2.5.0"
        },
        "compile": {
          "lib/net40/_._": {}
        },
        "runtime": {
          "lib/net40/ClosedXML.dll": {}
        }
      },
      "CredentialManagement/1.0.2": {
        "type": "package",
        "frameworkAssemblies": [
          "CredentialManagement"
        ],
        "compile": {
          "lib/net35/_._": {}
        },
        "runtime": {
          "lib/net35/CredentialManagement.dll": {}
        }
      },
      "CsvHelper/2.13.5": {
        "type": "package",
        "compile": {
          "lib/net40-client/_._": {}
        },
        "runtime": {
          "lib/net40-client/CsvHelper.dll": {}
        }
      },
      "DocumentFormat.OpenXml/2.5.0": {
        "type": "package",
        "compile": {
          "lib/_._": {}
        },
        "runtime": {
          "lib/DocumentFormat.OpenXml.dll": {}
        }
      },
      "Extended.Wpf.Toolkit/2.8.0": {
        "type": "package",
        "frameworkAssemblies": [
          "PresentationCore",
          "PresentationFramework",
          "System",
          "System.Xaml",
          "WindowsBase"
        ],
        "compile": {
          "lib/net40/_._": {}
        },
        "runtime": {
          "lib/net40/Xceed.Wpf.AvalonDock.Themes.Aero.dll": {},
          "lib/net40/Xceed.Wpf.AvalonDock.Themes.Metro.dll": {},
          "lib/net40/Xceed.Wpf.AvalonDock.Themes.VS2010.dll": {},
          "lib/net40/Xceed.Wpf.AvalonDock.dll": {},
          "lib/net40/Xceed.Wpf.DataGrid.dll": {},
          "lib/net40/Xceed.Wpf.Toolkit.dll": {}
        },
        "resource": {
          "lib/net40/de/Xceed.Wpf.AvalonDock.resources.dll": {
            "locale": "de"
          },
          "lib/net40/es/Xceed.Wpf.AvalonDock.resources.dll": {
            "locale": "es"
          },
          "lib/net40/fr/Xceed.Wpf.AvalonDock.resources.dll": {
            "locale": "fr"
          },
          "lib/net40/hu/Xceed.Wpf.AvalonDock.resources.dll": {
            "locale": "hu"
          },
          "lib/net40/it/Xceed.Wpf.AvalonDock.resources.dll": {
            "locale": "it"
          },
          "lib/net40/pt-BR/Xceed.Wpf.AvalonDock.resources.dll": {
            "locale": "pt-BR"
          },
          "lib/net40/ro/Xceed.Wpf.AvalonDock.resources.dll": {
            "locale": "ro"
          },
          "lib/net40/ru/Xceed.Wpf.AvalonDock.resources.dll": {
            "locale": "ru"
          },
          "lib/net40/sv/Xceed.Wpf.AvalonDock.resources.dll": {
            "locale": "sv"
          },
          "lib/net40/zh-Hans/Xceed.Wpf.AvalonDock.resources.dll": {
            "locale": "zh-Hans"
          }
        }
      },
      "Humanizer.Core/2.4.2": {
        "type": "package",
        "compile": {
          "lib/netstandard2.0/_._": {}
        },
        "runtime": {
          "lib/netstandard2.0/Humanizer.dll": {}
        }
      },
      "Microsoft.Activities/1.0.1": {
        "type": "package",
        "compile": {
          "lib/net45/_._": {}
        },
        "runtime": {
          "lib/net45/Microsoft.Activities.Design.Services.dll": {},
          "lib/net45/Microsoft.Activities.Design.dll": {},
          "lib/net45/Microsoft.Activities.dll": {},
          "lib/net45/Microsoft.Workflow.Client.dll": {},
          "lib/net45/Microsoft.Workflow.Common.dll": {},
          "lib/net45/Microsoft.Workflow.Tracing.dll": {}
        }
      },
      "Microsoft.Activities.Extensions/2.0.6.9": {
        "type": "package",
        "frameworkAssemblies": [
          "System.Activities"
        ],
        "compile": {
          "lib/Net45/_._": {}
        },
        "runtime": {
          "lib/Net45/Microsoft.Activities.Extensions.Design.dll": {},
          "lib/Net45/Microsoft.Activities.Extensions.dll": {}
        }
      },
      "Microsoft.Exchange.WebServices/2.2.0": {
        "type": "package",
        "compile": {
          "lib/40/_._": {}
        },
        "runtime": {
          "lib/40/Microsoft.Exchange.WebServices.Auth.dll": {},
          "lib/40/Microsoft.Exchange.WebServices.dll": {}
        }
      },
      "Microsoft.Rest.ClientRuntime/2.3.10": {
        "type": "package",
        "dependencies": {
          "Newtonsoft.Json": "6.0.8"
        },
        "compile": {
          "lib/net452/_._": {}
        },
        "runtime": {
          "lib/net452/Microsoft.Rest.ClientRuntime.dll": {}
        }
      },
      "Microsoft.VisualStudio.OLE.Interop/7.10.6071": {
        "type": "package",
        "compile": {
          "lib/_._": {}
        },
        "runtime": {
          "lib/Microsoft.VisualStudio.OLE.Interop.dll": {}
        }
      },
      "Newtonsoft.Json/10.0.3": {
        "type": "package",
        "compile": {
          "lib/net45/_._": {}
        },
        "runtime": {
          "lib/net45/Newtonsoft.Json.dll": {}
        }
      },
      "NPOI/2.2.1": {
        "type": "package",
        "dependencies": {
          "SharpZipLib": "0.86.0"
        },
        "compile": {
          "lib/net40/_._": {}
        },
        "runtime": {
          "lib/net40/NPOI.OOXML.dll": {},
          "lib/net40/NPOI.OpenXml4Net.dll": {},
          "lib/net40/NPOI.OpenXmlFormats.dll": {},
          "lib/net40/NPOI.dll": {}
        }
      },
      "RestSharp/100.3.0": {
        "type": "package",
        "dependencies": {
          "Newtonsoft.Json": "3.5.8"
        },
        "compile": {
          "lib/3.5/_._": {}
        },
        "runtime": {
          "lib/3.5/RestSharp.dll": {}
        }
      },
      "SharpZipLib/0.86.0": {
        "type": "package",
        "compile": {
          "lib/20/_._": {}
        },
        "runtime": {
          "lib/20/ICSharpCode.SharpZipLib.dll": {}
        }
      },
      "SSH.NET/2013.4.7": {
        "type": "package",
        "compile": {
          "lib/net40/_._": {}
        },
        "runtime": {
          "lib/net40/Renci.SshNet.dll": {}
        }
      },
      "System.Net.FtpClient/1.0.5281.14359": {
        "type": "package",
        "compile": {
          "lib/net40/_._": {}
        },
        "runtime": {
          "lib/net40/System.Net.FtpClient.dll": {}
        }
      },
      "Twilio/3.6.18": {
        "type": "package",
        "dependencies": {
          "RestSharp": "(, )"
        },
        "compile": {
          "lib/3.5/_._": {}
        },
        "runtime": {
          "lib/3.5/Twilio.Api.dll": {}
        }
      },
      "Twilio.Workflow.Activities/1.0.0": {
        "type": "package",
        "dependencies": {
          "Twilio": "3.6.18"
        },
        "compile": {
          "lib/net40-Client/_._": {}
        },
        "runtime": {
          "lib/net40-Client/Twilio.Workflow.Activities.dll": {}
        }
      },
      "UiPath/10.0.6913.22031": {
        "type": "package",
        "compile": {
          "lib/_._": {}
        },
        "runtime": {
          "lib/UiPath.Interop.dll": {}
        },
        "build": {
          "build/_._": {}
        }
      },
      "UiPath.Cognitive.Activities/2.1.6858.17355": {
        "type": "package",
        "dependencies": {
          "Newtonsoft.Json": "8.0.3"
        },
        "compile": {
          "lib/net45/_._": {}
        },
        "runtime": {
          "lib/net45/UiPath.Cognitive.Activities.Design.dll": {},
          "lib/net45/UiPath.Cognitive.Activities.dll": {},
          "lib/net45/UiPath.Cognitive.dll": {}
        },
        "resource": {
          "lib/net45/de/UiPath.Cognitive.Activities.Design.resources.dll": {
            "locale": "de"
          },
          "lib/net45/de/UiPath.Cognitive.Activities.resources.dll": {
            "locale": "de"
          },
          "lib/net45/de/UiPath.Cognitive.resources.dll": {
            "locale": "de"
          },
          "lib/net45/fr/UiPath.Cognitive.Activities.Design.resources.dll": {
            "locale": "fr"
          },
          "lib/net45/fr/UiPath.Cognitive.Activities.resources.dll": {
            "locale": "fr"
          },
          "lib/net45/fr/UiPath.Cognitive.resources.dll": {
            "locale": "fr"
          },
          "lib/net45/ja/UiPath.Cognitive.Activities.Design.resources.dll": {
            "locale": "ja"
          },
          "lib/net45/ja/UiPath.Cognitive.Activities.resources.dll": {
            "locale": "ja"
          },
          "lib/net45/ja/UiPath.Cognitive.resources.dll": {
            "locale": "ja"
          }
        }
      },
      "UiPath.Credentials.Activities/1.1.6479.13204": {
        "type": "package",
        "dependencies": {
          "CredentialManagement": "1.0.2"
        },
        "compile": {
          "lib/net40-client/_._": {}
        },
        "runtime": {
          "lib/net40-client/UiPath.Credentials.Activities.dll": {}
        }
      },
      "UiPath.Database.Activities/1.2.6855.24218": {
        "type": "package",
        "compile": {
          "lib/net40-Client/_._": {}
        },
        "runtime": {
          "lib/net40-Client/Microsoft.Data.ConnectionUI.Dialog.dll": {},
          "lib/net40-Client/UiPath.Database.Activities.Design.dll": {},
          "lib/net40-Client/UiPath.Database.Activities.dll": {},
          "lib/net40-Client/UiPath.Database.dll": {}
        },
        "resource": {
          "lib/net40-Client/de/UiPath.Database.Activities.Design.resources.dll": {
            "locale": "de"
          },
          "lib/net40-Client/de/UiPath.Database.Activities.resources.dll": {
            "locale": "de"
          },
          "lib/net40-Client/de/UiPath.Database.resources.dll": {
            "locale": "de"
          },
          "lib/net40-Client/fr/UiPath.Database.Activities.Design.resources.dll": {
            "locale": "fr"
          },
          "lib/net40-Client/fr/UiPath.Database.Activities.resources.dll": {
            "locale": "fr"
          },
          "lib/net40-Client/fr/UiPath.Database.resources.dll": {
            "locale": "fr"
          },
          "lib/net40-Client/ja/UiPath.Database.Activities.Design.resources.dll": {
            "locale": "ja"
          },
          "lib/net40-Client/ja/UiPath.Database.Activities.resources.dll": {
            "locale": "ja"
          },
          "lib/net40-Client/ja/UiPath.Database.resources.dll": {
            "locale": "ja"
          }
        }
      },
      "UiPath.Excel.Activities/2.4.6856.17931": {
        "type": "package",
        "dependencies": {
          "ClosedXML": "0.87.1",
          "CsvHelper": "2.13.5",
          "DocumentFormat.OpenXml": "2.5.0",
          "Microsoft.VisualStudio.OLE.Interop": "7.10.6071",
          "NPOI": "2.2.1"
        },
        "compile": {
          "lib/net452/_._": {}
        },
        "runtime": {
          "lib/net452/UiPath.Excel.Activities.Design.dll": {},
          "lib/net452/UiPath.Excel.Activities.dll": {},
          "lib/net452/UiPath.Excel.dll": {}
        },
        "resource": {
          "lib/net452/de/UiPath.Excel.Activities.Design.resources.dll": {
            "locale": "de"
          },
          "lib/net452/de/UiPath.Excel.Activities.resources.dll": {
            "locale": "de"
          },
          "lib/net452/de/UiPath.Excel.resources.dll": {
            "locale": "de"
          },
          "lib/net452/fr/UiPath.Excel.Activities.Design.resources.dll": {
            "locale": "fr"
          },
          "lib/net452/fr/UiPath.Excel.Activities.resources.dll": {
            "locale": "fr"
          },
          "lib/net452/fr/UiPath.Excel.resources.dll": {
            "locale": "fr"
          },
          "lib/net452/ja/UiPath.Excel.Activities.Design.resources.dll": {
            "locale": "ja"
          },
          "lib/net452/ja/UiPath.Excel.Activities.resources.dll": {
            "locale": "ja"
          },
          "lib/net452/ja/UiPath.Excel.resources.dll": {
            "locale": "ja"
          }
        }
      },
      "UiPath.FTP.Activities/1.0.6479.13206": {
        "type": "package",
        "dependencies": {
          "SSH.NET": "2013.4.7",
          "System.Net.FtpClient": "1.0.5281.14359"
        },
        "compile": {
          "lib/net40/_._": {}
        },
        "runtime": {
          "lib/net40/UiPath.FTP.Activities.Design.dll": {},
          "lib/net40/UiPath.FTP.Activities.dll": {}
        }
      },
      "UiPath.IntelligentOCR.Activities/1.1.6855.16979": {
        "type": "package",
        "compile": {
          "lib/net452/_._": {}
        },
        "runtime": {
          "lib/net452/FCEngine.VisualComponents.dll": {},
          "lib/net452/Interop.FCEngine.dll": {},
          "lib/net452/UiPath.IntelligentOCR.Activities.Design.dll": {},
          "lib/net452/UiPath.IntelligentOCR.Activities.dll": {},
          "lib/net452/UiPath.IntelligentOCR.dll": {}
        },
        "resource": {
          "lib/net452/de/UiPath.IntelligentOCR.Activities.Design.resources.dll": {
            "locale": "de"
          },
          "lib/net452/de/UiPath.IntelligentOCR.Activities.resources.dll": {
            "locale": "de"
          },
          "lib/net452/de/UiPath.IntelligentOCR.resources.dll": {
            "locale": "de"
          },
          "lib/net452/fr/UiPath.IntelligentOCR.Activities.Design.resources.dll": {
            "locale": "fr"
          },
          "lib/net452/fr/UiPath.IntelligentOCR.Activities.resources.dll": {
            "locale": "fr"
          },
          "lib/net452/fr/UiPath.IntelligentOCR.resources.dll": {
            "locale": "fr"
          },
          "lib/net452/ja/UiPath.IntelligentOCR.Activities.Design.resources.dll": {
            "locale": "ja"
          },
          "lib/net452/ja/UiPath.IntelligentOCR.Activities.resources.dll": {
            "locale": "ja"
          },
          "lib/net452/ja/UiPath.IntelligentOCR.resources.dll": {
            "locale": "ja"
          }
        }
      },
      "UiPath.Mail.Activities/1.1.6562.21018": {
        "type": "package",
        "dependencies": {
          "BouncyCastle": "1.8.1",
          "Microsoft.Exchange.WebServices": "2.2.0"
        },
        "compile": {
          "lib/net40/_._": {}
        },
        "runtime": {
          "lib/net40/MailKit.dll": {},
          "lib/net40/MimeKit.dll": {},
          "lib/net40/UiPath.Mail.Activities.Design.dll": {},
          "lib/net40/UiPath.Mail.Activities.dll": {},
          "lib/net40/UiPath.Mail.dll": {}
        }
      },
      "UiPath.System.Activities/18.4.1": {
        "type": "package",
        "dependencies": {
          "CsvHelper": "2.13.5",
          "Microsoft.Rest.ClientRuntime": "2.3.10",
          "Newtonsoft.Json": "10.0.3"
        },
        "compile": {
          "lib/net461/_._": {}
        },
        "runtime": {
          "lib/net461/ActiproSoftware.Docking.Wpf.dll": {},
          "lib/net461/ActiproSoftware.Ribbon.Wpf.dll": {},
          "lib/net461/ActiproSoftware.Shared.Wpf.dll": {},
          "lib/net461/ActiproSoftware.SyntaxEditor.Addons.DotNet.Wpf.dll": {},
          "lib/net461/ActiproSoftware.SyntaxEditor.Wpf.dll": {},
          "lib/net461/ActiproSoftware.Text.Addons.DotNet.Wpf.dll": {},
          "lib/net461/ActiproSoftware.Text.LLParser.Wpf.dll": {},
          "lib/net461/ActiproSoftware.Text.Wpf.dll": {},
          "lib/net461/ActiproSoftware.Wizard.Wpf.dll": {},
          "lib/net461/UiPath.OrchestratorClient.dll": {},
          "lib/net461/UiPath.System.Activities.Design.dll": {},
          "lib/net461/UiPath.System.Activities.dll": {}
        },
        "resource": {
          "lib/net461/ja/UiPath.System.Activities.Design.resources.dll": {
            "locale": "ja"
          },
          "lib/net461/ja/UiPath.System.Activities.resources.dll": {
            "locale": "ja"
          }
        }
      },
      "UiPath.UIAutomation.Activities/18.4.1": {
        "type": "package",
        "dependencies": {
          "AvalonEdit": "5.0.3",
          "Caliburn.Micro": "3.0.1",
          "Extended.Wpf.Toolkit": "2.8.0",
          "Humanizer.Core": "2.4.2",
          "UiPath": "10.0.6913.22031",
          "UiPath.Vision": "1.2.0"
        },
        "compile": {
          "lib/net461/_._": {}
        },
        "runtime": {
          "lib/net461/ActiproSoftware.Docking.Wpf.dll": {},
          "lib/net461/ActiproSoftware.Editors.Wpf.dll": {},
          "lib/net461/ActiproSoftware.Ribbon.Wpf.dll": {},
          "lib/net461/ActiproSoftware.Shared.Wpf.dll": {},
          "lib/net461/ActiproSoftware.SyntaxEditor.Addons.DotNet.Wpf.dll": {},
          "lib/net461/ActiproSoftware.SyntaxEditor.Wpf.dll": {},
          "lib/net461/ActiproSoftware.Text.Addons.DotNet.Wpf.dll": {},
          "lib/net461/ActiproSoftware.Text.LLParser.Wpf.dll": {},
          "lib/net461/ActiproSoftware.Text.Wpf.dll": {},
          "lib/net461/ActiproSoftware.Wizard.Wpf.dll": {},
          "lib/net461/UiPath.UIAutomation.Activities.Design.dll": {},
          "lib/net461/UiPath.UiAutomation.Activities.dll": {},
          "lib/net461/UiPath.Wizards.dll": {}
        },
        "resource": {
          "lib/net461/ja/UiPath.UIAutomation.Activities.Design.resources.dll": {
            "locale": "ja"
          },
          "lib/net461/ja/UiPath.UiAutomation.Activities.resources.dll": {
            "locale": "ja"
          },
          "lib/net461/ja/UiPath.Wizards.resources.dll": {
            "locale": "ja"
          }
        }
      },
      "UiPath.Vision/1.2.0": {
        "type": "package",
        "compile": {
          "lib/net452/_._": {}
        },
        "runtime": {
          "lib/net452/UiPath.Vision.Core.dll": {},
          "lib/net452/UiPath.Vision.dll": {}
        }
      }
    }
  },
  "libraries": {
    "AvalonEdit/5.0.3": {
      "sha512": "O7qf3H3SP2VrQujwmzvb3hJ+lw4rNWcZkpMH8T0qb/cA1UccoJIZ9qL/+DM7bws9l8Hxnyk7GUYVFrCSZeH+uA==",
      "type": "package",
      "path": "avalonedit/5.0.3",
      "files": [
        ".signature.p7s",
        "avalonedit.5.0.3.nupkg.sha512",
        "avalonedit.nuspec",
        "lib/Net35/ICSharpCode.AvalonEdit.dll",
        "lib/Net35/ICSharpCode.AvalonEdit.xml",
        "lib/Net40/ICSharpCode.AvalonEdit.dll",
        "lib/Net40/ICSharpCode.AvalonEdit.xml"
      ]
    },
    "BouncyCastle/1.8.1": {
      "sha512": "nH+P67LavO5EcxjKdBxFfRdfdFhivS3Xp3+0br1KcpCI8DM6ksCWy6YYZjk7XFV+VsHGtkUovwIZ/vmCp42geA==",
      "type": "package",
      "path": "bouncycastle/1.8.1",
      "files": [
        "Readme.txt",
        "bouncycastle.1.8.1.nupkg.sha512",
        "bouncycastle.nuspec",
        "lib/BouncyCastle.Crypto.dll"
      ]
    },
    "Caliburn.Micro/3.0.1": {
      "sha512": "34GUogBL8tS1rWCSugKwaOdmZZz162JC0K3HCSPuSlkCZwA1zDTspUp7owXigOjliCSiBzP1ltBFMWpLxs9BtQ==",
      "type": "package",
      "path": "caliburn.micro/3.0.1",
      "files": [
        ".signature.p7s",
        "caliburn.micro.3.0.1.nupkg.sha512",
        "caliburn.micro.nuspec",
        "lib/MonoAndroid10/Caliburn.Micro.Platform.Core.dll",
        "lib/MonoAndroid10/Caliburn.Micro.Platform.Core.xml",
        "lib/MonoAndroid10/Caliburn.Micro.Platform.dll",
        "lib/MonoAndroid10/Caliburn.Micro.Platform.xml",
        "lib/MonoTouch10/Caliburn.Micro.Platform.Core.dll",
        "lib/MonoTouch10/Caliburn.Micro.Platform.Core.dll.mdb",
        "lib/MonoTouch10/Caliburn.Micro.Platform.Core.xml",
        "lib/MonoTouch10/Caliburn.Micro.Platform.dll",
        "lib/MonoTouch10/Caliburn.Micro.Platform.xml",
        "lib/MonoTouch10/Caliburn.Micro.dll.mdb",
        "lib/Xamarin.iOS10/Caliburn.Micro.Platform.Core.dll",
        "lib/Xamarin.iOS10/Caliburn.Micro.Platform.Core.dll.mdb",
        "lib/Xamarin.iOS10/Caliburn.Micro.Platform.Core.xml",
        "lib/Xamarin.iOS10/Caliburn.Micro.Platform.dll",
        "lib/Xamarin.iOS10/Caliburn.Micro.Platform.xml",
        "lib/Xamarin.iOS10/Caliburn.Micro.dll.mdb",
        "lib/net40/Caliburn.Micro.Platform.dll",
        "lib/net40/Caliburn.Micro.Platform.xml",
        "lib/net40/System.Windows.Interactivity.dll",
        "lib/net40/System.Windows.Interactivity.xml",
        "lib/net45/Caliburn.Micro.Platform.Core.dll",
        "lib/net45/Caliburn.Micro.Platform.Core.xml",
        "lib/net45/Caliburn.Micro.Platform.dll",
        "lib/net45/Caliburn.Micro.Platform.xml",
        "lib/net45/System.Windows.Interactivity.dll",
        "lib/sl5/Caliburn.Micro.Platform.dll",
        "lib/sl5/Caliburn.Micro.Platform.xml",
        "lib/sl5/System.Windows.Interactivity.dll",
        "lib/uap10.0/Caliburn.Micro.Platform.Core.dll",
        "lib/uap10.0/Caliburn.Micro.Platform.Core.xml",
        "lib/uap10.0/Caliburn.Micro.Platform.UWP.XML",
        "lib/uap10.0/Caliburn.Micro.Platform.UWP.dll",
        "lib/uap10.0/Caliburn.Micro.Platform.UWP.pri",
        "lib/uap10.0/Caliburn.Micro.Platform.UWP/Properties/Caliburn.Micro.Platform.UWP.rd.xml",
        "lib/win81/Caliburn.Micro.Platform.Core.dll",
        "lib/win81/Caliburn.Micro.Platform.Core.xml",
        "lib/win81/Caliburn.Micro.Platform.XML",
        "lib/win81/Caliburn.Micro.Platform.dll",
        "lib/win81/Caliburn.Micro.Platform.pri",
        "lib/win81/Microsoft.Xaml.Interactions.dll",
        "lib/win81/Microsoft.Xaml.Interactivity.dll",
        "lib/wp8/Caliburn.Micro.Platform.Core.dll",
        "lib/wp8/Caliburn.Micro.Platform.Core.xml",
        "lib/wp8/Caliburn.Micro.Platform.dll",
        "lib/wp8/Caliburn.Micro.Platform.xml",
        "lib/wp8/System.Windows.Interactivity.dll",
        "lib/wpa81/Caliburn.Micro.Platform.Core.dll",
        "lib/wpa81/Caliburn.Micro.Platform.Core.xml",
        "lib/wpa81/Caliburn.Micro.Platform.dll",
        "lib/wpa81/Caliburn.Micro.Platform.pri",
        "lib/wpa81/Caliburn.Micro.Platform.xml",
        "lib/wpa81/Microsoft.Xaml.Interactions.dll",
        "lib/wpa81/Microsoft.Xaml.Interactivity.dll"
      ]
    },
    "Caliburn.Micro.Core/3.0.1": {
      "sha512": "rYCObUe1g/ks4kTEPMFc4yFShYWkL6P5sfUsJOPGSKPXCsnKXL0XaclU3XGWAHBeNTPBgJO9pJBfMBcaq3iyRg==",
      "type": "package",
      "path": "caliburn.micro.core/3.0.1",
      "files": [
        ".signature.p7s",
        "caliburn.micro.core.3.0.1.nupkg.sha512",
        "caliburn.micro.core.nuspec",
        "lib/net40/Caliburn.Micro.XML",
        "lib/net40/Caliburn.Micro.dll",
        "lib/net45/Caliburn.Micro.dll",
        "lib/net45/Caliburn.Micro.xml",
        "lib/portable-net45+win8+wp8+wpa81+MonoAndroid10+Xamarin.iOS10+MonoTouch10+uap10.0/Caliburn.Micro.XML",
        "lib/portable-net45+win8+wp8+wpa81+MonoAndroid10+Xamarin.iOS10+MonoTouch10+uap10.0/Caliburn.Micro.dll",
        "lib/portable-net45+win8+wp8+wpa81+MonoAndroid10+Xamarin.iOS10+MonoTouch10+uap10.0/Caliburn.Micro.dll.mdb",
        "lib/sl5/Caliburn.Micro.XML",
        "lib/sl5/Caliburn.Micro.dll"
      ]
    },
    "ClosedXML/0.87.1": {
      "sha512": "2LC0T8bu2G2kt34C4Ig87uZfrRO4MwMVI54e2To7m3DvwAs2Z2Ir86WQuUoW8Txo1uNGSfmu3DpfpQhSX0bIww==",
      "type": "package",
      "path": "closedxml/0.87.1",
      "files": [
        "closedxml.0.87.1.nupkg.sha512",
        "closedxml.nuspec",
        "lib/net35/ClosedXML.dll",
        "lib/net35/ClosedXML.pdb",
        "lib/net35/ClosedXML.xml",
        "lib/net40/ClosedXML.dll",
        "lib/net40/ClosedXML.pdb",
        "lib/net40/ClosedXML.xml"
      ]
    },
    "CredentialManagement/1.0.2": {
      "sha512": "VkP04/jFXaxT3TkcRhzETYtOrznQxRmQ2J1XJdbXz47Bir7hIzPR7mFZk4GJQ4An4gozW+vonpf+iqTHomAkQw==",
      "type": "package",
      "path": "credentialmanagement/1.0.2",
      "files": [
        "credentialmanagement.1.0.2.nupkg.sha512",
        "credentialmanagement.nuspec",
        "lib/net35/CredentialManagement.dll"
      ]
    },
    "CsvHelper/2.13.5": {
      "sha512": "fC8DPi/YTcZ8uXFiAeuT9EpsR2TE5cSJ2jg/4tht/Oen6az/djebpYoCQEtI33RfNrSZ533SedOknlWtUTX3fw==",
      "type": "package",
      "path": "csvhelper/2.13.5",
      "files": [
        "csvhelper.2.13.5.nupkg.sha512",
        "csvhelper.nuspec",
        "lib/net20/CsvHelper.dll",
        "lib/net20/CsvHelper.pdb",
        "lib/net20/CsvHelper.xml",
        "lib/net35-client/CsvHelper.dll",
        "lib/net35-client/CsvHelper.pdb",
        "lib/net35-client/CsvHelper.xml",
        "lib/net40-client/CsvHelper.dll",
        "lib/net40-client/CsvHelper.pdb",
        "lib/net40-client/CsvHelper.xml",
        "lib/portable-net40+sl5+win8+wpa+wp8/CsvHelper.dll",
        "lib/portable-net40+sl5+win8+wpa+wp8/CsvHelper.pdb",
        "lib/portable-net40+sl5+win8+wpa+wp8/CsvHelper.xml"
      ]
    },
    "DocumentFormat.OpenXml/2.5.0": {
      "sha512": "H5jnox0hcLwzAjrpNqDPIItjh7dplF1kk1z8LatpI2h75wBgps1MepEttJFKs7xedQReCMHA0tGpNI0H2B+Mrg==",
      "type": "package",
      "path": "documentformat.openxml/2.5.0",
      "files": [
        "documentformat.openxml.2.5.0.nupkg.sha512",
        "documentformat.openxml.nuspec",
        "lib/DocumentFormat.OpenXml.dll"
      ]
    },
    "Extended.Wpf.Toolkit/2.8.0": {
      "sha512": "YzLQ/sB91g0gRftvlPGOqYJe6TwiPTQoYhO+4ZSsnxaMEQZ5KZIQySTtsTWZ0HJC5+xrgk1Z/if7kjY4cSRPdw==",
      "type": "package",
      "path": "extended.wpf.toolkit/2.8.0",
      "files": [
        ".signature.p7s",
        "extended.wpf.toolkit.2.8.0.nupkg.sha512",
        "extended.wpf.toolkit.nuspec",
        "lib/net35/WPFToolkit.dll",
        "lib/net35/Xceed.Wpf.Toolkit.dll",
        "lib/net40/Xceed.Wpf.AvalonDock.Themes.Aero.dll",
        "lib/net40/Xceed.Wpf.AvalonDock.Themes.Metro.dll",
        "lib/net40/Xceed.Wpf.AvalonDock.Themes.VS2010.dll",
        "lib/net40/Xceed.Wpf.AvalonDock.dll",
        "lib/net40/Xceed.Wpf.DataGrid.dll",
        "lib/net40/Xceed.Wpf.Toolkit.dll",
        "lib/net40/de/Xceed.Wpf.AvalonDock.resources.dll",
        "lib/net40/es/Xceed.Wpf.AvalonDock.resources.dll",
        "lib/net40/fr/Xceed.Wpf.AvalonDock.resources.dll",
        "lib/net40/hu/Xceed.Wpf.AvalonDock.resources.dll",
        "lib/net40/it/Xceed.Wpf.AvalonDock.resources.dll",
        "lib/net40/pt-BR/Xceed.Wpf.AvalonDock.resources.dll",
        "lib/net40/ro/Xceed.Wpf.AvalonDock.resources.dll",
        "lib/net40/ru/Xceed.Wpf.AvalonDock.resources.dll",
        "lib/net40/sv/Xceed.Wpf.AvalonDock.resources.dll",
        "lib/net40/zh-Hans/Xceed.Wpf.AvalonDock.resources.dll",
        "tools/install.ps1"
      ]
    },
    "Humanizer.Core/2.4.2": {
      "sha512": "A8amPZrfrFU+6BO+t/NLejofWah39XsRuovQqaHdYYtXANM+dexMrc+AbLmuH3qNV4hJv6FArBsBBtZcaODLZg==",
      "type": "package",
      "path": "humanizer.core/2.4.2",
      "files": [
        ".signature.p7s",
        "humanizer.core.2.4.2.nupkg.sha512",
        "humanizer.core.nuspec",
        "lib/netstandard1.0/Humanizer.dll",
        "lib/netstandard1.0/Humanizer.xml",
        "lib/netstandard2.0/Humanizer.dll",
        "lib/netstandard2.0/Humanizer.xml"
      ]
    },
    "Microsoft.Activities/1.0.1": {
      "sha512": "jkwJR/MMdyLol9wkIXkbpcCu8AUAJte7UZM6IcoeOnrX8cNgHppt6IawNfkhGqQs6ulTklBuZ2DjLj1/154iUA==",
      "type": "package",
      "path": "microsoft.activities/1.0.1",
      "files": [
        "lib/net45/Microsoft.Activities.Design.Services.dll",
        "lib/net45/Microsoft.Activities.Design.dll",
        "lib/net45/Microsoft.Activities.Design.xml",
        "lib/net45/Microsoft.Activities.dll",
        "lib/net45/Microsoft.Activities.xml",
        "lib/net45/Microsoft.Workflow.Client.dll",
        "lib/net45/Microsoft.Workflow.Client.xml",
        "lib/net45/Microsoft.Workflow.Common.dll",
        "lib/net45/Microsoft.Workflow.Tracing.dll",
        "microsoft.activities.1.0.1.nupkg.sha512",
        "microsoft.activities.nuspec"
      ]
    },
    "Microsoft.Activities.Extensions/2.0.6.9": {
      "sha512": "yGwK3gYUzzGIzgybBtXsCbcWIj+Dv+gadnaWkmG0WpBs22AV8ZS7deFhAb2pznDoGz0Pj4M7Tt9RwK9VrNzf4A==",
      "type": "package",
      "path": "microsoft.activities.extensions/2.0.6.9",
      "files": [
        "help/Microsoft.Activities.Extensions Documentation.chm",
        "lib/Net40/Microsoft.Activities.Extensions.Design.dll",
        "lib/Net40/Microsoft.Activities.Extensions.dll",
        "lib/Net401/Microsoft.Activities.Extensions.Design.dll",
        "lib/Net401/Microsoft.Activities.Extensions.dll",
        "lib/Net45/Microsoft.Activities.Extensions.Design.dll",
        "lib/Net45/Microsoft.Activities.Extensions.dll",
        "microsoft.activities.extensions.2.0.6.9.nupkg.sha512",
        "microsoft.activities.extensions.nuspec",
        "tools/Microsoft.Activities.Extensions.NuGet.dll",
        "tools/install.ps1",
        "tools/uninstall.ps1"
      ]
    },
    "Microsoft.Exchange.WebServices/2.2.0": {
      "sha512": "NlkaTD0uWtg9VbiWq0VDWMBPzHFknH3tmstrxt0acrT09LBGqATTjRpsGOODz6tUdX7/dehBinxsf75U5Uw/+A==",
      "type": "package",
      "path": "microsoft.exchange.webservices/2.2.0",
      "files": [
        "doc/License Terms.rtf",
        "doc/README.htm",
        "doc/Redist.txt",
        "lib/40/Microsoft.Exchange.WebServices.Auth.dll",
        "lib/40/Microsoft.Exchange.WebServices.Auth.pdb",
        "lib/40/Microsoft.Exchange.WebServices.Auth.xml",
        "lib/40/Microsoft.Exchange.WebServices.dll",
        "lib/40/Microsoft.Exchange.WebServices.pdb",
        "lib/40/Microsoft.Exchange.WebServices.xml",
        "microsoft.exchange.webservices.2.2.0.nupkg.sha512",
        "microsoft.exchange.webservices.nuspec"
      ]
    },
    "Microsoft.Rest.ClientRuntime/2.3.10": {
      "sha512": "a30J6t7LRkYx974tLaRnJc/dYZ1M7uhc5vdgULxdhL7HJNJydG7e+jyAVD15gK+vFR1i9MH+5Ch9t1zhb/Lp1g==",
      "type": "package",
      "path": "microsoft.rest.clientruntime/2.3.10",
      "files": [
        ".signature.p7s",
        "lib/net452/Microsoft.Rest.ClientRuntime.dll",
        "lib/net452/Microsoft.Rest.ClientRuntime.runtimeconfig.json",
        "lib/net452/Microsoft.Rest.ClientRuntime.xml",
        "lib/netstandard1.4/Microsoft.Rest.ClientRuntime.dll",
        "lib/netstandard1.4/Microsoft.Rest.ClientRuntime.runtimeconfig.json",
        "lib/netstandard1.4/Microsoft.Rest.ClientRuntime.xml",
        "microsoft.rest.clientruntime.2.3.10.nupkg.sha512",
        "microsoft.rest.clientruntime.nuspec"
      ]
    },
    "Microsoft.VisualStudio.OLE.Interop/7.10.6071": {
      "sha512": "PuINhJH41DbKfkNU+qcyC4Wlt/z0DgI/ViZv6gjUclylnFbUIpCdqm4fK+PKJDfiarHTKnGWkxjKuOIS1Bqs5Q==",
      "type": "package",
      "path": "microsoft.visualstudio.ole.interop/7.10.6071",
      "files": [
        "lib/Microsoft.VisualStudio.OLE.Interop.dll",
        "lib/Microsoft.VisualStudio.OLE.Interop.xml",
        "microsoft.visualstudio.ole.interop.7.10.6071.nupkg.sha512",
        "microsoft.visualstudio.ole.interop.nuspec"
      ]
    },
    "Newtonsoft.Json/10.0.3": {
      "sha512": "hSXaFmh7hNCuEoC4XNY5DrRkLDzYHqPx/Ik23R4J86Z7PE/Y6YidhG602dFVdLBRSdG6xp9NabH3dXpcoxWvww==",
      "type": "package",
      "path": "newtonsoft.json/10.0.3",
      "files": [
        "LICENSE.md",
        "lib/net20/Newtonsoft.Json.dll",
        "lib/net20/Newtonsoft.Json.xml",
        "lib/net35/Newtonsoft.Json.dll",
        "lib/net35/Newtonsoft.Json.xml",
        "lib/net40/Newtonsoft.Json.dll",
        "lib/net40/Newtonsoft.Json.xml",
        "lib/net45/Newtonsoft.Json.dll",
        "lib/net45/Newtonsoft.Json.xml",
        "lib/netstandard1.0/Newtonsoft.Json.dll",
        "lib/netstandard1.0/Newtonsoft.Json.xml",
        "lib/netstandard1.3/Newtonsoft.Json.dll",
        "lib/netstandard1.3/Newtonsoft.Json.xml",
        "lib/portable-net40+sl5+win8+wp8+wpa81/Newtonsoft.Json.dll",
        "lib/portable-net40+sl5+win8+wp8+wpa81/Newtonsoft.Json.xml",
        "lib/portable-net45+win8+wp8+wpa81/Newtonsoft.Json.dll",
        "lib/portable-net45+win8+wp8+wpa81/Newtonsoft.Json.xml",
        "newtonsoft.json.10.0.3.nupkg.sha512",
        "newtonsoft.json.nuspec",
        "tools/install.ps1"
      ]
    },
    "NPOI/2.2.1": {
      "sha512": "esdT/yuODxuYCmqcbQ+6DDpAmPbVcJylgpA4leQZOfUcESbD8vYXEDtCTg4AKlWJIPHcbDnxlAtQxMEVw621Mw==",
      "type": "package",
      "path": "npoi/2.2.1",
      "files": [
        "LICENSE",
        "Read Me.txt",
        "Release Notes.txt",
        "lib/net20/NPOI.OOXML.dll",
        "lib/net20/NPOI.OpenXml4Net.dll",
        "lib/net20/NPOI.OpenXmlFormats.dll",
        "lib/net20/NPOI.XML",
        "lib/net20/NPOI.dll",
        "lib/net40/NPOI.OOXML.dll",
        "lib/net40/NPOI.OpenXml4Net.dll",
        "lib/net40/NPOI.OpenXmlFormats.dll",
        "lib/net40/NPOI.XML",
        "lib/net40/NPOI.dll",
        "logo/120_120.jpg",
        "logo/240_240.png",
        "logo/32_32.jpg",
        "logo/60_60.jpg",
        "npoi.2.2.1.nupkg.sha512",
        "npoi.nuspec"
      ]
    },
    "RestSharp/100.3.0": {
      "sha512": "XT3n9GsGdQFSuMxlAe2CTkrMoblq4lh5J87ofufpCZLutG+wlkq95iDaXMWD2hJ6lEkZ7pq1DyP++c2hCf98gg==",
      "type": "package",
      "path": "restsharp/100.3.0",
      "files": [
        ".signature.p7s",
        "lib/3.5/RestSharp.dll",
        "lib/SL4/RestSharp.Silverlight.dll",
        "lib/WP7/RestSharp.WindowsPhone.dll",
        "restsharp.100.3.0.nupkg.sha512",
        "restsharp.nuspec"
      ]
    },
    "SharpZipLib/0.86.0": {
      "sha512": "5DbS1SlKLMi+WG00Cm0ueYf2oyXJrowETQk8nx96rmdjTuHsA3laPykGV7Sxi0R5Xxfx0Kh/EfacAZ1f6M7y/g==",
      "type": "package",
      "path": "sharpziplib/0.86.0",
      "files": [
        "lib/11/ICSharpCode.SharpZipLib.dll",
        "lib/20/ICSharpCode.SharpZipLib.dll",
        "lib/SL3/SharpZipLib.Silverlight3.dll",
        "lib/SL4/SharpZipLib.Silverlight4.dll",
        "sharpziplib.0.86.0.nupkg.sha512",
        "sharpziplib.nuspec"
      ]
    },
    "SSH.NET/2013.4.7": {
      "sha512": "rfwoGFYG6P58FZp5SlSrnEYjWfHaLZ13zEDNZhnaP/FHGaCuLphO1eh1IMazu/XxaxVhDrfAsTuRO2L6mTSK6w==",
      "type": "package",
      "path": "ssh.net/2013.4.7",
      "files": [
        "lib/net35/Renci.SshNet.XML",
        "lib/net35/Renci.SshNet.dll",
        "lib/net40/Renci.SshNet.dll",
        "lib/net40/Renci.SshNet.xml",
        "lib/sl3-wp/Renci.SshNet.WindowsPhone.XML",
        "lib/sl3-wp/Renci.SshNet.WindowsPhone.dll",
        "lib/sl40/Renci.SshNet.Silverlight.XML",
        "lib/sl40/Renci.SshNet.Silverlight.dll",
        "lib/sl50/Renci.SshNet.Silverlight.XML",
        "lib/sl50/Renci.SshNet.Silverlight.dll",
        "lib/wp8/Renci.SshNet.WindowsPhone.XML",
        "lib/wp8/Renci.SshNet.WindowsPhone.dll",
        "ssh.net.2013.4.7.nupkg.sha512",
        "ssh.net.nuspec"
      ]
    },
    "System.Net.FtpClient/1.0.5281.14359": {
      "sha512": "9YJj4geheYpxUOrkenZ3EJEVXw81aZqqJdkkSR1h2NprOeaklEs07rh7LmNaLeIgEbS98cm7vCdJLBkY9Xaw6g==",
      "type": "package",
      "path": "system.net.ftpclient/1.0.5281.14359",
      "files": [
        "LICENSE.TXT",
        "examples/AssemblyInfo.cs",
        "examples/BeginConnect.cs",
        "examples/BeginCreateDirectory.cs",
        "examples/BeginDeleteDirectory.cs",
        "examples/BeginDeleteFile.cs",
        "examples/BeginDereferenceLink.cs",
        "examples/BeginDirectoryExists.cs",
        "examples/BeginDisconnect.cs",
        "examples/BeginExecute.cs",
        "examples/BeginFileExists.cs",
        "examples/BeginGetFileSize.cs",
        "examples/BeginGetListing.cs",
        "examples/BeginGetModifiedTime.cs",
        "examples/BeginGetNameListing.cs",
        "examples/BeginGetWorkingDirectory.cs",
        "examples/BeginOpenAppend.cs",
        "examples/BeginOpenRead.cs",
        "examples/BeginOpenWrite.cs",
        "examples/BeginRename.cs",
        "examples/BeginSetWorkingDirectory.cs",
        "examples/Connect.cs",
        "examples/CreateDirectory.cs",
        "examples/CustomParser.cs",
        "examples/Debug.cs",
        "examples/DeleteDirectory.cs",
        "examples/DeleteFile.cs",
        "examples/DereferenceLink.cs",
        "examples/DirectoryExists.cs",
        "examples/Examples.csproj",
        "examples/Execute.cs",
        "examples/Extensions.cs",
        "examples/FileExists.cs",
        "examples/GetChecksum.cs",
        "examples/GetFileSize.cs",
        "examples/GetHash.cs",
        "examples/GetHashAlgorithm.cs",
        "examples/GetListing.cs",
        "examples/GetModifiedTime.cs",
        "examples/GetNameListing.cs",
        "examples/GetWorkingDirectory.cs",
        "examples/Main.cs",
        "examples/OpenAppend.cs",
        "examples/OpenAppendURI.cs",
        "examples/OpenRead.cs",
        "examples/OpenReadURI.cs",
        "examples/OpenWrite.cs",
        "examples/OpenWriteURI.cs",
        "examples/Rename.cs",
        "examples/SetHashAlgorithm.cs",
        "examples/SetWorkingDirectory.cs",
        "examples/ValidateCertificate.cs",
        "lib/net40/System.Net.FtpClient.XML",
        "lib/net40/System.Net.FtpClient.dll",
        "source/AssemblyInfo.cs",
        "source/Extensions/GetChecksum.cs",
        "source/Extensions/MD5.cs",
        "source/Extensions/XCRC.cs",
        "source/Extensions/XMD5.cs",
        "source/Extensions/XSHA1.cs",
        "source/Extensions/XSHA256.cs",
        "source/Extensions/XSHA512.cs",
        "source/FtpClient.cs",
        "source/FtpDataStream.cs",
        "source/FtpEnums.cs",
        "source/FtpExceptions.cs",
        "source/FtpExtensionAttribute.cs",
        "source/FtpExtensions.cs",
        "source/FtpHash.cs",
        "source/FtpListItem.cs",
        "source/FtpReply.cs",
        "source/FtpSocketStream.cs",
        "source/FtpTrace.cs",
        "source/IFtpClient.cs",
        "source/IFtpListItem.cs",
        "source/IFtpReply.cs",
        "source/System.Net.FtpClient.NET2.csproj",
        "source/System.Net.FtpClient.csproj",
        "system.net.ftpclient.1.0.5281.14359.nupkg.sha512",
        "system.net.ftpclient.nuspec"
      ]
    },
    "Twilio/3.6.18": {
      "sha512": "VJRieq90/Y252qOHZZekK7ogdYBwRw10IIJKZprUghnWnrCJ4tTCog8Ga16ZzEWglcCVjB3SU/Ex4EK3bCOsDA==",
      "type": "package",
      "path": "twilio/3.6.18",
      "files": [
        "lib/3.5/Twilio.Api.dll",
        "lib/3.5/Twilio.Api.pdb",
        "lib/3.5/Twilio.Api.xml",
        "lib/SL4-WINDOWSPHONE71/Twilio.Api.WindowsPhone.dll",
        "lib/SL4-WINDOWSPHONE71/Twilio.Api.WindowsPhone.pdb",
        "lib/SL4-WINDOWSPHONE71/Twilio.Api.WindowsPhone.xml",
        "lib/SL4/Twilio.Api.Silverlight.dll",
        "lib/SL4/Twilio.Api.Silverlight.pdb",
        "lib/SL4/Twilio.Api.Silverlight.xml",
        "twilio.3.6.18.nupkg.sha512",
        "twilio.nuspec"
      ]
    },
    "Twilio.Workflow.Activities/1.0.0": {
      "sha512": "owSPSZNLhK28gNCMrJfsoRjDsc6KvHq2Ng0CF+XF7pZjDzEkEAnl6+NtL63zx2WTDWfdMGxVNuWlMmEU/eseiA==",
      "type": "package",
      "path": "twilio.workflow.activities/1.0.0",
      "files": [
        "lib/net40-Client/Twilio.Workflow.Activities.dll",
        "twilio.workflow.activities.1.0.0.nupkg.sha512",
        "twilio.workflow.activities.nuspec"
      ]
    },
    "UiPath/10.0.6913.22031": {
      "sha512": "yBoMsZxZfy9/xqEXW64qBUAH975GEc7taK8LMmYMTHz38P+2fjonAaWUdwLrYca4A+Q5EgljvIRWbyZoyo/jAw==",
      "type": "package",
      "path": "uipath/10.0.6913.22031",
      "files": [
        "build/UiPath.targets",
        "build/UiPath/BrowserNativeMessagingImpl.dll",
        "build/UiPath/FuncServer_x64.exe",
        "build/UiPath/FuncServer_x86.exe",
        "build/UiPath/JavaSupport/UiPathBridge.jar",
        "build/UiPath/JavaSupport/UiPathJBIntruder.jar",
        "build/UiPath/JavaSupport/UiPathV8.jar",
        "build/UiPath/JavaSupport/attach_x64/6/attach.dll",
        "build/UiPath/JavaSupport/attach_x64/7/attach.dll",
        "build/UiPath/JavaSupport/attach_x86/6/attach.dll",
        "build/UiPath/JavaSupport/attach_x86/7/attach.dll",
        "build/UiPath/JavaSupport/jaccess-1_2.jar",
        "build/UiPath/JavaSupport/jaccess-1_3.jar",
        "build/UiPath/JavaSupport/jaccess-1_4.jar",
        "build/UiPath/JavaSupport/jaccess.jar",
        "build/UiPath/JavaSupport/tools.jar",
        "build/UiPath/JavaSupport/xml-apis.jar",
        "build/UiPath/Resources/x32.manifest",
        "build/UiPath/Resources/x64.manifest",
        "build/UiPath/SLBroker.dll",
        "build/UiPath/SLBroker.xap",
        "build/UiPath/SLHook.dll",
        "build/UiPath/ShaferFilechck.dll",
        "build/UiPath/TCapture.dll",
        "build/UiPath/TCapture_x64.dll",
        "build/UiPath/UiEventHook.dll",
        "build/UiPath/UiEventHook_x64.dll",
        "build/UiPath/UiPath.dll",
        "build/UiPath/UiPathJavaBridgeImplV8.dll",
        "build/UiPath/UiPathJavaBridgeImplV8_x64.dll",
        "build/UiPath/UiPathJavaBridgeV8.dll",
        "build/UiPath/UiPathJavaBridgeV8_x64.dll",
        "build/UiPath/UiPathRemoteRuntime.exe",
        "build/UiPath/UiPathSLB.dll",
        "build/UiPath/UiPathSLB_x64.dll",
        "build/UiPath/UiPathVirtualChannelCitrix.dll",
        "build/UiPath/UiPathVirtualChannelRdp.dll",
        "build/UiPath/UiPath_x64.dll",
        "build/UiPath/aahook.dll",
        "build/UiPath/aahook_x64.dll",
        "build/UiPath/license.config",
        "build/UiPath/msvcr100.dll",
        "build/UiPath/slinject.exe",
        "build/UiPath/x64/ShaferFilechck_x64.DLL",
        "build/UiPath/x64/msvcr100.dll",
        "lib/UiPath.Interop.dll",
        "uipath.10.0.6913.22031.nupkg.sha512",
        "uipath.nuspec"
      ]
    },
    "UiPath.Cognitive.Activities/2.1.6858.17355": {
      "sha512": "XImbTFFWO5+BCkNLMa44Esi36KHZR6aRZd4eDXI+rYh4nsJv3Q/AgO2VzSse8JUf+c2ccfgkP58dimXIgWEvIg==",
      "type": "package",
      "path": "uipath.cognitive.activities/2.1.6858.17355",
      "files": [
        "lib/net45/UiPath.Cognitive.Activities.Design.dll",
        "lib/net45/UiPath.Cognitive.Activities.dll",
        "lib/net45/UiPath.Cognitive.dll",
        "lib/net45/de/UiPath.Cognitive.Activities.Design.resources.dll",
        "lib/net45/de/UiPath.Cognitive.Activities.resources.dll",
        "lib/net45/de/UiPath.Cognitive.resources.dll",
        "lib/net45/fr/UiPath.Cognitive.Activities.Design.resources.dll",
        "lib/net45/fr/UiPath.Cognitive.Activities.resources.dll",
        "lib/net45/fr/UiPath.Cognitive.resources.dll",
        "lib/net45/ja/UiPath.Cognitive.Activities.Design.resources.dll",
        "lib/net45/ja/UiPath.Cognitive.Activities.resources.dll",
        "lib/net45/ja/UiPath.Cognitive.resources.dll",
        "uipath.cognitive.activities.2.1.6858.17355.nupkg.sha512",
        "uipath.cognitive.activities.nuspec"
      ]
    },
    "UiPath.Credentials.Activities/1.1.6479.13204": {
      "sha512": "2C7e17Lk1G6QenZQwA5q0DETGdAb9K34p6SqPcAOdHHyr+BtYSWLWhXn+zNlMF8ZCr51pHCiBPNp33nok2B3Qw==",
      "type": "package",
      "path": "uipath.credentials.activities/1.1.6479.13204",
      "files": [
        "lib/net40-client/UiPath.Credentials.Activities.dll",
        "uipath.credentials.activities.1.1.6479.13204.nupkg.sha512",
        "uipath.credentials.activities.nuspec"
      ]
    },
    "UiPath.Database.Activities/1.2.6855.24218": {
      "sha512": "c3jSPtGGVT+6CxchrJYZEaJ3E/G3l7fYnWHVcuWMfCwsVX3+8NZThbcTriIpFZC7t6/eaoqwo07zCFOr5Loj9g==",
      "type": "package",
      "path": "uipath.database.activities/1.2.6855.24218",
      "files": [
        "lib/net40-Client/Microsoft.Data.ConnectionUI.Dialog.dll",
        "lib/net40-Client/UiPath.Database.Activities.Design.dll",
        "lib/net40-Client/UiPath.Database.Activities.dll",
        "lib/net40-Client/UiPath.Database.dll",
        "lib/net40-Client/de/UiPath.Database.Activities.Design.resources.dll",
        "lib/net40-Client/de/UiPath.Database.Activities.resources.dll",
        "lib/net40-Client/de/UiPath.Database.resources.dll",
        "lib/net40-Client/fr/UiPath.Database.Activities.Design.resources.dll",
        "lib/net40-Client/fr/UiPath.Database.Activities.resources.dll",
        "lib/net40-Client/fr/UiPath.Database.resources.dll",
        "lib/net40-Client/ja/UiPath.Database.Activities.Design.resources.dll",
        "lib/net40-Client/ja/UiPath.Database.Activities.resources.dll",
        "lib/net40-Client/ja/UiPath.Database.resources.dll",
        "uipath.database.activities.1.2.6855.24218.nupkg.sha512",
        "uipath.database.activities.nuspec"
      ]
    },
    "UiPath.Excel.Activities/2.4.6856.17931": {
      "sha512": "Q7WvNCxKUbxmHu5v3RF1tZaUhp7wP/wIiugWbOXwodGMxlto26FiNLsWlTTNWd8QPanYcRDJWJsuqjZMG74pCw==",
      "type": "package",
      "path": "uipath.excel.activities/2.4.6856.17931",
      "files": [
        "lib/net452/UiPath.Excel.Activities.Design.dll",
        "lib/net452/UiPath.Excel.Activities.dll",
        "lib/net452/UiPath.Excel.dll",
        "lib/net452/de/UiPath.Excel.Activities.Design.resources.dll",
        "lib/net452/de/UiPath.Excel.Activities.resources.dll",
        "lib/net452/de/UiPath.Excel.resources.dll",
        "lib/net452/fr/UiPath.Excel.Activities.Design.resources.dll",
        "lib/net452/fr/UiPath.Excel.Activities.resources.dll",
        "lib/net452/fr/UiPath.Excel.resources.dll",
        "lib/net452/ja/UiPath.Excel.Activities.Design.resources.dll",
        "lib/net452/ja/UiPath.Excel.Activities.resources.dll",
        "lib/net452/ja/UiPath.Excel.resources.dll",
        "uipath.excel.activities.2.4.6856.17931.nupkg.sha512",
        "uipath.excel.activities.nuspec"
      ]
    },
    "UiPath.FTP.Activities/1.0.6479.13206": {
      "sha512": "nXHHWEbQlNoNrBwzShqk7f5HRPsfuM5w+fRMbY168FSU0keKkQbAgReqfGvElcKqb+VkKH+XxvDyGX4SQLdfLg==",
      "type": "package",
      "path": "uipath.ftp.activities/1.0.6479.13206",
      "files": [
        "lib/net40/UiPath.FTP.Activities.Design.dll",
        "lib/net40/UiPath.FTP.Activities.dll",
        "uipath.ftp.activities.1.0.6479.13206.nupkg.sha512",
        "uipath.ftp.activities.nuspec"
      ]
    },
    "UiPath.IntelligentOCR.Activities/1.1.6855.16979": {
      "sha512": "PZGUXV6X/JkjcUT4cT8uUj0s0q0b8NsBxYaUngkOKPlxuGyBzTNIOLJWUbJyrlQiaa37pEDtG1q9isaICgjB1w==",
      "type": "package",
      "path": "uipath.intelligentocr.activities/1.1.6855.16979",
      "files": [
        "lib/net452/FCEngine.VisualComponents.dll",
        "lib/net452/Interop.FCEngine.dll",
        "lib/net452/UiPath.IntelligentOCR.Activities.Design.dll",
        "lib/net452/UiPath.IntelligentOCR.Activities.dll",
        "lib/net452/UiPath.IntelligentOCR.dll",
        "lib/net452/de/UiPath.IntelligentOCR.Activities.Design.resources.dll",
        "lib/net452/de/UiPath.IntelligentOCR.Activities.resources.dll",
        "lib/net452/de/UiPath.IntelligentOCR.resources.dll",
        "lib/net452/fr/UiPath.IntelligentOCR.Activities.Design.resources.dll",
        "lib/net452/fr/UiPath.IntelligentOCR.Activities.resources.dll",
        "lib/net452/fr/UiPath.IntelligentOCR.resources.dll",
        "lib/net452/ja/UiPath.IntelligentOCR.Activities.Design.resources.dll",
        "lib/net452/ja/UiPath.IntelligentOCR.Activities.resources.dll",
        "lib/net452/ja/UiPath.IntelligentOCR.resources.dll",
        "uipath.intelligentocr.activities.1.1.6855.16979.nupkg.sha512",
        "uipath.intelligentocr.activities.nuspec"
      ]
    },
    "UiPath.Mail.Activities/1.1.6562.21018": {
      "sha512": "6UJhdqbZuza2HafFXxhNImsQB/sYAOs88L3ChTG/qgtN1ZHjw8On7DH6wwUmYUeNxGydu1JoRyM4F8/5IVPMyQ==",
      "type": "package",
      "path": "uipath.mail.activities/1.1.6562.21018",
      "files": [
        "lib/net40/MailKit.dll",
        "lib/net40/MailKit.xml",
        "lib/net40/MimeKit.dll",
        "lib/net40/MimeKit.xml",
        "lib/net40/UiPath.Mail.Activities.Design.dll",
        "lib/net40/UiPath.Mail.Activities.dll",
        "lib/net40/UiPath.Mail.dll",
        "uipath.mail.activities.1.1.6562.21018.nupkg.sha512",
        "uipath.mail.activities.nuspec"
      ]
    },
    "UiPath.System.Activities/18.4.1": {
      "sha512": "as5UP5a3OqQI5OM9+ouA9ePtHkjg7XWoFjYHyRDkLVTVWIu3fmdPudkzcLkH0Nr+iNXeab1CkrqmST38XSLAPA==",
      "type": "package",
      "path": "uipath.system.activities/18.4.1",
      "files": [
        "lib/net461/ActiproSoftware.Docking.Wpf.dll",
        "lib/net461/ActiproSoftware.Ribbon.Wpf.dll",
        "lib/net461/ActiproSoftware.Shared.Wpf.dll",
        "lib/net461/ActiproSoftware.SyntaxEditor.Addons.DotNet.Wpf.dll",
        "lib/net461/ActiproSoftware.SyntaxEditor.Wpf.dll",
        "lib/net461/ActiproSoftware.Text.Addons.DotNet.Wpf.dll",
        "lib/net461/ActiproSoftware.Text.LLParser.Wpf.dll",
        "lib/net461/ActiproSoftware.Text.Wpf.dll",
        "lib/net461/ActiproSoftware.Wizard.Wpf.dll",
        "lib/net461/UiPath.OrchestratorClient.dll",
        "lib/net461/UiPath.System.Activities.Design.dll",
        "lib/net461/UiPath.System.Activities.dll",
        "lib/net461/ja/UiPath.System.Activities.Design.resources.dll",
        "lib/net461/ja/UiPath.System.Activities.resources.dll",
        "uipath.system.activities.18.4.1.nupkg.sha512",
        "uipath.system.activities.nuspec"
      ]
    },
    "UiPath.UIAutomation.Activities/18.4.1": {
      "sha512": "ROq36l22LixyyIKX4dMtp2xrZjBE0fqiHw2JDdY80Up7GLQ6q9CEg9E09ayq0nFNo8WydyximDBba5RFbkfjZw==",
      "type": "package",
      "path": "uipath.uiautomation.activities/18.4.1",
      "files": [
        "build/ActiproSoftware.Docking.Wpf.dll",
        "build/ActiproSoftware.Editors.Wpf.dll",
        "build/ActiproSoftware.Ribbon.Wpf.dll",
        "build/ActiproSoftware.Shared.Wpf.dll",
        "build/ActiproSoftware.SyntaxEditor.Addons.DotNet.Wpf.dll",
        "build/ActiproSoftware.SyntaxEditor.Wpf.dll",
        "build/ActiproSoftware.Text.Addons.DotNet.Wpf.dll",
        "build/ActiproSoftware.Text.LLParser.Wpf.dll",
        "build/ActiproSoftware.Text.Wpf.dll",
        "build/ActiproSoftware.Wizard.Wpf.dll",
        "build/Caliburn.Micro.Platform.Core.dll",
        "build/Caliburn.Micro.Platform.dll",
        "build/Caliburn.Micro.dll",
        "build/ICSharpCode.AvalonEdit.dll",
        "build/System.Windows.Interactivity.dll",
        "build/UiExplorer.exe",
        "build/UiExplorer.exe.config",
        "build/UiPath.Activities.Contracts.dll",
        "build/UiPath.UiAutomation.Activities.dll",
        "build/ja/UiExplorer.resources.dll",
        "content/Resources/NodeMatchRules.xml",
        "lib/net461/ActiproSoftware.Docking.Wpf.dll",
        "lib/net461/ActiproSoftware.Editors.Wpf.dll",
        "lib/net461/ActiproSoftware.Ribbon.Wpf.dll",
        "lib/net461/ActiproSoftware.Shared.Wpf.dll",
        "lib/net461/ActiproSoftware.SyntaxEditor.Addons.DotNet.Wpf.dll",
        "lib/net461/ActiproSoftware.SyntaxEditor.Wpf.dll",
        "lib/net461/ActiproSoftware.Text.Addons.DotNet.Wpf.dll",
        "lib/net461/ActiproSoftware.Text.LLParser.Wpf.dll",
        "lib/net461/ActiproSoftware.Text.Wpf.dll",
        "lib/net461/ActiproSoftware.Wizard.Wpf.dll",
        "lib/net461/UiPath.UIAutomation.Activities.Design.dll",
        "lib/net461/UiPath.UiAutomation.Activities.dll",
        "lib/net461/UiPath.Wizards.dll",
        "lib/net461/ja/UiPath.UIAutomation.Activities.Design.resources.dll",
        "lib/net461/ja/UiPath.UiAutomation.Activities.resources.dll",
        "lib/net461/ja/UiPath.Wizards.resources.dll",
        "uipath.uiautomation.activities.18.4.1.nupkg.sha512",
        "uipath.uiautomation.activities.nuspec"
      ]
    },
    "UiPath.Vision/1.2.0": {
      "sha512": "Rg2VNaClAtSEADA1oC/K1pQIhJMVXmb27nvSpQOQqP0lJ8v2qlXqjO5czl0EpIS91/VBdoqKm7RCu18g3/rwlw==",
      "type": "package",
      "path": "uipath.vision/1.2.0",
      "files": [
        "build/AForge.Imaging.dll",
        "build/AForge.Math.dll",
        "build/AForge.dll",
        "build/AbbyyOnlineSdk.dll",
        "build/BouncyCastle.Crypto.dll",
        "build/Emgu.CV.World.dll",
        "build/Exceptionless.dll",
        "build/Google.Apis.Auth.PlatformServices.dll",
        "build/Google.Apis.Auth.dll",
        "build/Google.Apis.Core.dll",
        "build/Google.Apis.PlatformServices.dll",
        "build/Google.Apis.Vision.v1.dll",
        "build/Google.Apis.dll",
        "build/Microsoft.ProjectOxford.Vision.dll",
        "build/Microsoft.VisualStudio.TestPlatform.MSTest.TestAdapter.dll",
        "build/Microsoft.VisualStudio.TestPlatform.MSTestAdapter.PlatformServices.Interface.dll",
        "build/Microsoft.VisualStudio.TestPlatform.MSTestAdapter.PlatformServices.dll",
        "build/Microsoft.VisualStudio.TestPlatform.TestFramework.Extensions.dll",
        "build/Microsoft.VisualStudio.TestPlatform.TestFramework.dll",
        "build/NLog.dll",
        "build/Newtonsoft.Json.dll",
        "build/Shouldly.dll",
        "build/System.ValueTuple.dll",
        "build/UiPath.NeuralNet.Tensorflow.dll",
        "build/UiPath.NeuralNet.dll",
        "build/UiPath.Vision.Core.dll",
        "build/UiPath.Vision.Host32.exe",
        "build/UiPath.Vision.Host32.exe.config",
        "build/UiPath.Vision.Package.dll",
        "build/UiPath.Vision.dll",
        "build/ZedGraph.dll",
        "build/Zlib.Portable.dll",
        "build/log4net.dll",
        "build/nlog.config",
        "build/tessdata/eng.traineddata",
        "build/x86/concrt140.dll",
        "build/x86/cvextern.dll",
        "build/x86/msvcp140.dll",
        "build/x86/opencv_ffmpeg341.dll",
        "build/x86/tbb.dll",
        "build/x86/vcruntime140.dll",
        "lib/net452/UiPath.NeuralNet.dll",
        "lib/net452/UiPath.Vision.Core.dll",
        "lib/net452/UiPath.Vision.Package.dll",
        "lib/net452/UiPath.Vision.dll",
        "uipath.vision.1.2.0.nupkg.sha512",
        "uipath.vision.nuspec"
      ]
    }
  },
  "projectFileDependencyGroups": {
    "": [],
    ".NETFramework,Version=v4.6.1": [
      "Microsoft.Activities >= 1.0.1 <= 1.0.1",
      "Microsoft.Activities.Extensions >= 2.0.6.9 <= 2.0.6.9",
      "Twilio.Workflow.Activities >= 1.0.0 <= 1.0.0",
      "UiPath.Cognitive.Activities >= 2.1.6858.17355 <= 2.1.6858.17355",
      "UiPath.Credentials.Activities >= 1.1.6479.13204 <= 1.1.6479.13204",
      "UiPath.Database.Activities >= 1.2.6855.24218 <= 1.2.6855.24218",
      "UiPath.Excel.Activities >= 2.4.6856.17931 <= 2.4.6856.17931",
      "UiPath.FTP.Activities >= 1.0.6479.13206 <= 1.0.6479.13206",
      "UiPath.IntelligentOCR.Activities >= 1.1.6855.16979 <= 1.1.6855.16979",
      "UiPath.Mail.Activities >= 1.1.6562.21018 <= 1.1.6562.21018",
      "UiPath.System.Activities >= 18.4.1 <= 18.4.1",
      "UiPath.UIAutomation.Activities >= 18.4.1 <= 18.4.1"
    ]
  },
  "packageFolders": {
    "C:\\Users\\svc_botfin4\\.nuget\\packages\\": {}
  },
  "project": {
    "restore": {
      "projectUniqueName": "IE_Sunday_8AM_AutomateMassAllocationEntry",
      "projectName": "IE_Sunday_8AM_AutomateMassAllocationEntry",
      "projectPath": "C:\\Users\\svc_botfin4\\Documents\\UiPath\\Automate Mass Allocation Entry\\IE_Sunday_8AM_AutomateMassAllocationEntry\\.local",
      "packagesPath": "C:\\Users\\svc_botfin4\\.nuget\\packages\\",
      "outputPath": "C:\\Users\\svc_botfin4\\Documents\\UiPath\\Automate Mass Allocation Entry\\IE_Sunday_8AM_AutomateMassAllocationEntry\\.local"
    },
    "frameworks": {
      "net461": {
        "dependencies": {
          "Microsoft.Activities": {
            "include": "Runtime",
            "target": "Package",
            "version": "[1.0.1, 1.0.1]"
          },
          "Microsoft.Activities.Extensions": {
            "include": "Runtime",
            "target": "Package",
            "version": "[2.0.6.9, 2.0.6.9]"
          },
          "Twilio.Workflow.Activities": {
            "include": "Runtime",
            "target": "Package",
            "version": "[1.0.0, 1.0.0]"
          },
          "UiPath.Cognitive.Activities": {
            "include": "Runtime",
            "target": "Package",
            "version": "[2.1.6858.17355, 2.1.6858.17355]"
          },
          "UiPath.Credentials.Activities": {
            "include": "Runtime",
            "target": "Package",
            "version": "[1.1.6479.13204, 1.1.6479.13204]"
          },
          "UiPath.Database.Activities": {
            "include": "Runtime",
            "target": "Package",
            "version": "[1.2.6855.24218, 1.2.6855.24218]"
          },
          "UiPath.Excel.Activities": {
            "include": "Runtime",
            "target": "Package",
            "version": "[2.4.6856.17931, 2.4.6856.17931]"
          },
          "UiPath.FTP.Activities": {
            "include": "Runtime",
            "target": "Package",
            "version": "[1.0.6479.13206, 1.0.6479.13206]"
          },
          "UiPath.IntelligentOCR.Activities": {
            "include": "Runtime",
            "target": "Package",
            "version": "[1.1.6855.16979, 1.1.6855.16979]"
          },
          "UiPath.Mail.Activities": {
            "include": "Runtime",
            "target": "Package",
            "version": "[1.1.6562.21018, 1.1.6562.21018]"
          },
          "UiPath.System.Activities": {
            "include": "Runtime",
            "target": "Package",
            "version": "[18.4.1, 18.4.1]"
          },
          "UiPath.UIAutomation.Activities": {
            "include": "Runtime",
            "target": "Package",
            "version": "[18.4.1, 18.4.1]"
          }
        }
      }
    }
  },
  "logs": [
    {
      "code": "NU1602",
      "level": "Warning",
      "warningLevel": 1,
      "message": "Twilio 3.6.18 does not provide an inclusive lower bound for dependency RestSharp. An approximate best match of RestSharp 100.3.0 was resolved.",
      "libraryId": "RestSharp",
      "targetGraphs": [
        ".NETFramework,Version=v4.6.1"
      ]
    }
  ]
}