{"Packages":[{"Package":{"Id":"Microsoft.Activities.Extensions","Version":"2.0.6.9"},"Assemblies":["C:\\Users\\svc.devbot4\\.nuget\\packages\\microsoft.activities.extensions/2.0.6.9\\lib/Net45/Microsoft.Activities.Extensions.Design.dll","C:\\Users\\svc.devbot4\\.nuget\\packages\\microsoft.activities.extensions/2.0.6.9\\lib/Net45/Microsoft.Activities.Extensions.dll"]},{"Package":{"Id":"Twilio.Workflow.Activities","Version":"1.0.0"},"Assemblies":["C:\\Users\\svc.devbot4\\.nuget\\packages\\newtonsoft.json/10.0.3\\lib/net45/Newtonsoft.Json.dll","C:\\Users\\svc.devbot4\\.nuget\\packages\\restsharp/100.3.0\\lib/3.5/RestSharp.dll","C:\\Users\\svc.devbot4\\.nuget\\packages\\twilio/3.6.18\\lib/3.5/Twilio.Api.dll","C:\\Users\\svc.devbot4\\.nuget\\packages\\twilio.workflow.activities/1.0.0\\lib/net40-Client/Twilio.Workflow.Activities.dll"]},{"Package":{"Id":"UiPath.Cognitive.Activities","Version":"2.1.6858.17355"},"Assemblies":["C:\\Users\\svc.devbot4\\.nuget\\packages\\newtonsoft.json/10.0.3\\lib/net45/Newtonsoft.Json.dll","C:\\Users\\svc.devbot4\\.nuget\\packages\\uipath.cognitive.activities/2.1.6858.17355\\lib/net45/UiPath.Cognitive.Activities.Design.dll","C:\\Users\\svc.devbot4\\.nuget\\packages\\uipath.cognitive.activities/2.1.6858.17355\\lib/net45/UiPath.Cognitive.Activities.dll","C:\\Users\\svc.devbot4\\.nuget\\packages\\uipath.cognitive.activities/2.1.6858.17355\\lib/net45/UiPath.Cognitive.dll"]},{"Package":{"Id":"UiPath.System.Activities","Version":"18.4.1"},"Assemblies":["C:\\Users\\svc.devbot4\\.nuget\\packages\\csvhelper/2.13.5\\lib/net40-client/CsvHelper.dll","C:\\Users\\svc.devbot4\\.nuget\\packages\\microsoft.rest.clientruntime/2.3.10\\lib/net452/Microsoft.Rest.ClientRuntime.dll","C:\\Users\\svc.devbot4\\.nuget\\packages\\newtonsoft.json/10.0.3\\lib/net45/Newtonsoft.Json.dll","C:\\Users\\svc.devbot4\\.nuget\\packages\\uipath.system.activities/18.4.1\\lib/net461/ActiproSoftware.Docking.Wpf.dll","C:\\Users\\svc.devbot4\\.nuget\\packages\\uipath.system.activities/18.4.1\\lib/net461/ActiproSoftware.Ribbon.Wpf.dll","C:\\Users\\svc.devbot4\\.nuget\\packages\\uipath.system.activities/18.4.1\\lib/net461/ActiproSoftware.Shared.Wpf.dll","C:\\Users\\svc.devbot4\\.nuget\\packages\\uipath.system.activities/18.4.1\\lib/net461/ActiproSoftware.SyntaxEditor.Addons.DotNet.Wpf.dll","C:\\Users\\svc.devbot4\\.nuget\\packages\\uipath.system.activities/18.4.1\\lib/net461/ActiproSoftware.SyntaxEditor.Wpf.dll","C:\\Users\\svc.devbot4\\.nuget\\packages\\uipath.system.activities/18.4.1\\lib/net461/ActiproSoftware.Text.Addons.DotNet.Wpf.dll","C:\\Users\\svc.devbot4\\.nuget\\packages\\uipath.system.activities/18.4.1\\lib/net461/ActiproSoftware.Text.LLParser.Wpf.dll","C:\\Users\\svc.devbot4\\.nuget\\packages\\uipath.system.activities/18.4.1\\lib/net461/ActiproSoftware.Text.Wpf.dll","C:\\Users\\svc.devbot4\\.nuget\\packages\\uipath.system.activities/18.4.1\\lib/net461/ActiproSoftware.Wizard.Wpf.dll","C:\\Users\\svc.devbot4\\.nuget\\packages\\uipath.system.activities/18.4.1\\lib/net461/UiPath.OrchestratorClient.dll","C:\\Users\\svc.devbot4\\.nuget\\packages\\uipath.system.activities/18.4.1\\lib/net461/UiPath.System.Activities.Design.dll","C:\\Users\\svc.devbot4\\.nuget\\packages\\uipath.system.activities/18.4.1\\lib/net461/UiPath.System.Activities.dll"]},{"Package":{"Id":"UiPath.Credentials.Activities","Version":"1.1.6479.13204"},"Assemblies":["C:\\Users\\svc.devbot4\\.nuget\\packages\\credentialmanagement/1.0.2\\lib/net35/CredentialManagement.dll","C:\\Users\\svc.devbot4\\.nuget\\packages\\uipath.credentials.activities/1.1.6479.13204\\lib/net40-client/UiPath.Credentials.Activities.dll"]},{"Package":{"Id":"UiPath.Database.Activities","Version":"1.2.6855.24218"},"Assemblies":["C:\\Users\\svc.devbot4\\.nuget\\packages\\uipath.database.activities/1.2.6855.24218\\lib/net40-Client/Microsoft.Data.ConnectionUI.Dialog.dll","C:\\Users\\svc.devbot4\\.nuget\\packages\\uipath.database.activities/1.2.6855.24218\\lib/net40-Client/UiPath.Database.Activities.Design.dll","C:\\Users\\svc.devbot4\\.nuget\\packages\\uipath.database.activities/1.2.6855.24218\\lib/net40-Client/UiPath.Database.Activities.dll","C:\\Users\\svc.devbot4\\.nuget\\packages\\uipath.database.activities/1.2.6855.24218\\lib/net40-Client/UiPath.Database.dll"]},{"Package":{"Id":"UiPath.Excel.Activities","Version":"2.4.6856.17931"},"Assemblies":["C:\\Users\\svc.devbot4\\.nuget\\packages\\closedxml/0.87.1\\lib/net40/ClosedXML.dll","C:\\Users\\svc.devbot4\\.nuget\\packages\\csvhelper/2.13.5\\lib/net40-client/CsvHelper.dll","C:\\Users\\svc.devbot4\\.nuget\\packages\\documentformat.openxml/2.5.0\\lib/DocumentFormat.OpenXml.dll","C:\\Users\\svc.devbot4\\.nuget\\packages\\microsoft.visualstudio.ole.interop/7.10.6071\\lib/Microsoft.VisualStudio.OLE.Interop.dll","C:\\Users\\svc.devbot4\\.nuget\\packages\\npoi/2.2.1\\lib/net40/NPOI.OOXML.dll","C:\\Users\\svc.devbot4\\.nuget\\packages\\npoi/2.2.1\\lib/net40/NPOI.OpenXml4Net.dll","C:\\Users\\svc.devbot4\\.nuget\\packages\\npoi/2.2.1\\lib/net40/NPOI.OpenXmlFormats.dll","C:\\Users\\svc.devbot4\\.nuget\\packages\\npoi/2.2.1\\lib/net40/NPOI.dll","C:\\Users\\svc.devbot4\\.nuget\\packages\\sharpziplib/0.86.0\\lib/20/ICSharpCode.SharpZipLib.dll","C:\\Users\\svc.devbot4\\.nuget\\packages\\uipath.excel.activities/2.4.6856.17931\\lib/net452/UiPath.Excel.Activities.Design.dll","C:\\Users\\svc.devbot4\\.nuget\\packages\\uipath.excel.activities/2.4.6856.17931\\lib/net452/UiPath.Excel.Activities.dll","C:\\Users\\svc.devbot4\\.nuget\\packages\\uipath.excel.activities/2.4.6856.17931\\lib/net452/UiPath.Excel.dll"]},{"Package":{"Id":"UiPath.UIAutomation.Activities","Version":"18.4.1"},"Assemblies":["C:\\Users\\svc.devbot4\\.nuget\\packages\\avalonedit/5.0.3\\lib/Net40/ICSharpCode.AvalonEdit.dll","C:\\Users\\svc.devbot4\\.nuget\\packages\\caliburn.micro/3.0.1\\lib/net45/Caliburn.Micro.Platform.Core.dll","C:\\Users\\svc.devbot4\\.nuget\\packages\\caliburn.micro/3.0.1\\lib/net45/Caliburn.Micro.Platform.dll","C:\\Users\\svc.devbot4\\.nuget\\packages\\caliburn.micro/3.0.1\\lib/net45/System.Windows.Interactivity.dll","C:\\Users\\svc.devbot4\\.nuget\\packages\\caliburn.micro.core/3.0.1\\lib/net45/Caliburn.Micro.dll","C:\\Users\\svc.devbot4\\.nuget\\packages\\extended.wpf.toolkit/2.8.0\\lib/net40/Xceed.Wpf.AvalonDock.Themes.Aero.dll","C:\\Users\\svc.devbot4\\.nuget\\packages\\extended.wpf.toolkit/2.8.0\\lib/net40/Xceed.Wpf.AvalonDock.Themes.Metro.dll","C:\\Users\\svc.devbot4\\.nuget\\packages\\extended.wpf.toolkit/2.8.0\\lib/net40/Xceed.Wpf.AvalonDock.Themes.VS2010.dll","C:\\Users\\svc.devbot4\\.nuget\\packages\\extended.wpf.toolkit/2.8.0\\lib/net40/Xceed.Wpf.AvalonDock.dll","C:\\Users\\svc.devbot4\\.nuget\\packages\\extended.wpf.toolkit/2.8.0\\lib/net40/Xceed.Wpf.DataGrid.dll","C:\\Users\\svc.devbot4\\.nuget\\packages\\extended.wpf.toolkit/2.8.0\\lib/net40/Xceed.Wpf.Toolkit.dll","C:\\Users\\svc.devbot4\\.nuget\\packages\\humanizer.core/2.4.2\\lib/netstandard2.0/Humanizer.dll","C:\\Users\\svc.devbot4\\.nuget\\packages\\uipath/10.0.6913.22031\\lib/UiPath.Interop.dll","C:\\Users\\svc.devbot4\\.nuget\\packages\\uipath.uiautomation.activities/18.4.1\\lib/net461/ActiproSoftware.Docking.Wpf.dll","C:\\Users\\svc.devbot4\\.nuget\\packages\\uipath.uiautomation.activities/18.4.1\\lib/net461/ActiproSoftware.Editors.Wpf.dll","C:\\Users\\svc.devbot4\\.nuget\\packages\\uipath.uiautomation.activities/18.4.1\\lib/net461/ActiproSoftware.Ribbon.Wpf.dll","C:\\Users\\svc.devbot4\\.nuget\\packages\\uipath.uiautomation.activities/18.4.1\\lib/net461/ActiproSoftware.Shared.Wpf.dll","C:\\Users\\svc.devbot4\\.nuget\\packages\\uipath.uiautomation.activities/18.4.1\\lib/net461/ActiproSoftware.SyntaxEditor.Addons.DotNet.Wpf.dll","C:\\Users\\svc.devbot4\\.nuget\\packages\\uipath.uiautomation.activities/18.4.1\\lib/net461/ActiproSoftware.SyntaxEditor.Wpf.dll","C:\\Users\\svc.devbot4\\.nuget\\packages\\uipath.uiautomation.activities/18.4.1\\lib/net461/ActiproSoftware.Text.Addons.DotNet.Wpf.dll","C:\\Users\\svc.devbot4\\.nuget\\packages\\uipath.uiautomation.activities/18.4.1\\lib/net461/ActiproSoftware.Text.LLParser.Wpf.dll","C:\\Users\\svc.devbot4\\.nuget\\packages\\uipath.uiautomation.activities/18.4.1\\lib/net461/ActiproSoftware.Text.Wpf.dll","C:\\Users\\svc.devbot4\\.nuget\\packages\\uipath.uiautomation.activities/18.4.1\\lib/net461/ActiproSoftware.Wizard.Wpf.dll","C:\\Users\\svc.devbot4\\.nuget\\packages\\uipath.uiautomation.activities/18.4.1\\lib/net461/UiPath.UIAutomation.Activities.Design.dll","C:\\Users\\svc.devbot4\\.nuget\\packages\\uipath.uiautomation.activities/18.4.1\\lib/net461/UiPath.UiAutomation.Activities.dll","C:\\Users\\svc.devbot4\\.nuget\\packages\\uipath.uiautomation.activities/18.4.1\\lib/net461/UiPath.Wizards.dll","C:\\Users\\svc.devbot4\\.nuget\\packages\\uipath.vision/1.2.0\\lib/net452/UiPath.NeuralNet.dll","C:\\Users\\svc.devbot4\\.nuget\\packages\\uipath.vision/1.2.0\\lib/net452/UiPath.Vision.Core.dll","C:\\Users\\svc.devbot4\\.nuget\\packages\\uipath.vision/1.2.0\\lib/net452/UiPath.Vision.Package.dll","C:\\Users\\svc.devbot4\\.nuget\\packages\\uipath.vision/1.2.0\\lib/net452/UiPath.Vision.dll"]},{"Package":{"Id":"UiPath.FTP.Activities","Version":"1.0.6479.13206"},"Assemblies":["C:\\Users\\svc.devbot4\\.nuget\\packages\\ssh.net/2013.4.7\\lib/net40/Renci.SshNet.dll","C:\\Users\\svc.devbot4\\.nuget\\packages\\system.net.ftpclient/1.0.5281.14359\\lib/net40/System.Net.FtpClient.dll","C:\\Users\\svc.devbot4\\.nuget\\packages\\uipath.ftp.activities/1.0.6479.13206\\lib/net40/UiPath.FTP.Activities.Design.dll","C:\\Users\\svc.devbot4\\.nuget\\packages\\uipath.ftp.activities/1.0.6479.13206\\lib/net40/UiPath.FTP.Activities.dll"]},{"Package":{"Id":"UiPath.IntelligentOCR.Activities","Version":"1.1.6855.16979"},"Assemblies":["C:\\Users\\svc.devbot4\\.nuget\\packages\\uipath.intelligentocr.activities/1.1.6855.16979\\lib/net452/FCEngine.VisualComponents.dll","C:\\Users\\svc.devbot4\\.nuget\\packages\\uipath.intelligentocr.activities/1.1.6855.16979\\lib/net452/Interop.FCEngine.dll","C:\\Users\\svc.devbot4\\.nuget\\packages\\uipath.intelligentocr.activities/1.1.6855.16979\\lib/net452/UiPath.IntelligentOCR.Activities.Design.dll","C:\\Users\\svc.devbot4\\.nuget\\packages\\uipath.intelligentocr.activities/1.1.6855.16979\\lib/net452/UiPath.IntelligentOCR.Activities.dll","C:\\Users\\svc.devbot4\\.nuget\\packages\\uipath.intelligentocr.activities/1.1.6855.16979\\lib/net452/UiPath.IntelligentOCR.dll"]},{"Package":{"Id":"UiPath.Mail.Activities","Version":"1.1.6562.21018"},"Assemblies":["C:\\Users\\svc.devbot4\\.nuget\\packages\\bouncycastle/1.8.1\\lib/BouncyCastle.Crypto.dll","C:\\Users\\svc.devbot4\\.nuget\\packages\\microsoft.exchange.webservices/2.2.0\\lib/40/Microsoft.Exchange.WebServices.Auth.dll","C:\\Users\\svc.devbot4\\.nuget\\packages\\microsoft.exchange.webservices/2.2.0\\lib/40/Microsoft.Exchange.WebServices.dll","C:\\Users\\svc.devbot4\\.nuget\\packages\\uipath.mail.activities/1.1.6562.21018\\lib/net40/MailKit.dll","C:\\Users\\svc.devbot4\\.nuget\\packages\\uipath.mail.activities/1.1.6562.21018\\lib/net40/MimeKit.dll","C:\\Users\\svc.devbot4\\.nuget\\packages\\uipath.mail.activities/1.1.6562.21018\\lib/net40/UiPath.Mail.Activities.Design.dll","C:\\Users\\svc.devbot4\\.nuget\\packages\\uipath.mail.activities/1.1.6562.21018\\lib/net40/UiPath.Mail.Activities.dll","C:\\Users\\svc.devbot4\\.nuget\\packages\\uipath.mail.activities/1.1.6562.21018\\lib/net40/UiPath.Mail.dll"]}],"Conflicts":[]}